{"parallel":{"flag":false,"ncores":12},"perf":{"MaxPerf":false,"AbsPerf":false,"epsilon":0.2,"betaThreshold":0.55},"auto":{"preproc":true},"bound":{"flag":true},"norm":{"flag":true},"selvars":{"smallscaleflag":false,"smallscale":0.5,"fileidxflag":false,"fileidx":"","densityflag":false,"mindistance":0.1,"type":"Ftr&Good"},"sifted":{"flag":true,"rho":0.3,"K":10,"NTREES":50,"MaxIter":1000,"Replicates":100},"pilot":{"analytic":false,"ntries":5},"cloister":{"pval":0.05,"cthres":0.9},"pythia":{"cvfolds":5,"ispolykrnl":false,"useweights":true,"uselibsvm":false},"trace":{"usesim":true,"PI":0.55},"outputs":{"csv":true,"web":true,"png":true}}