Row,Avg_Perf_all_instances,Std_Perf_all_instances,Probability_of_good,Avg_Perf_selected_instances,Std_Perf_selected_instances,CV_model_accuracy,CV_model_precision,CV_model_recall,BoxConstraint,KernelScale
fixed_angles_constant,34323.017,47394.475,0.032,33,5.329,96.7,33.3,1.6,0.109,12.665
interp,6082.428,22217.419,0.001,,,99.9,,0,2.321,0.003
qibpi,6749.427,25023.466,0.709,4323.295,20269.928,76.2,79.3,89.8,9.32,0.684
random,62812.688,48268.844,0.005,,,99.5,,0,2.318,0.003
three_regular,16989.979,37511.188,0.448,6090.095,23836.107,78.5,74.2,79.7,1.255,4.386
tqa,2138.589,14257.964,0.111,30.304,11.175,90.1,85.5,13.4,15.877,0.684
Oracle,27.734,59.506,1,,,,,,,
Selector,4415.856,20470.179,0.787,4281.523,20168.368,,79.1,61.3,,
